onset_q	dur_q	pitch	midi_no	vel
0.7500	0.2500	B-2	46	47
1.2500	0.3333	B-2	46	78
1.6667	0.6667	B2	47	71
2.2500	1.0000	B2	47	70
3.2500	0.5000	B2	47	89
3.5000	0.2500	B-2	46	56
4.0000	2.5000	B2	47	56
8.5000	0.5000	B-2	46	86
9.0000	0.7500	B-2	46	79
9.7500	0.5000	B-2	46	52
10.2500	0.2500	A2	45	72
10.5000	1.0000	B-2	46	69
16.0000	1.0000	B2	47	56
17.0000	0.5000	B-2	46	38
17.5000	0.3333	B-2	46	92
17.7500	1.2500	B-2	46	69
22.5000	0.2500	B-2	46	64
22.7500	0.5000	B2	47	69
23.3333	0.2500	B2	47	68
23.5000	0.3333	B-2	46	60
24.3333	0.7500	G2	43	76
26.2500	0.2500	G2	43	48
30.0000	0.3333	A2	45	82
30.3333	0.3333	B-2	46	66
30.7500	0.2500	A2	45	50
31.0000	0.3333	B-2	46	78
31.3333	0.6667	B-2	46	76
32.0000	0.5000	B2	47	66
32.5000	0.5000	B-2	46	73
33.0000	0.7500	B-2	46	72
34.2500	0.2500	B-2	46	50
37.7500	0.3333	B2	47	70
38.0000	0.3333	A2	45	77
38.3333	0.5000	A3	57	38
39.2500	0.3333	B-2	46	83
39.5000	0.5000	B-2	46	62
40.0000	0.7500	B-2	46	62
44.7500	0.7500	B2	47	78
45.3333	0.5000	F#4	66	47
45.5000	0.3333	B2	47	70
45.7500	0.5000	B2	47	76
46.2500	0.3333	B2	47	74
46.6667	0.3333	B2	47	49
47.5000	0.2500	A2	45	68
47.7500	0.2500	B-2	46	69
48.0000	0.0833	B-2	46	69
51.6667	0.3333	B-2	46	74
52.0000	0.3333	B-2	46	74
52.2500	0.3333	B2	47	65
52.6667	0.3333	A2	45	62
53.0000	0.7500	G2	43	73
53.6667	1.0000	G2	43	49
59.0000	0.3333	B-3	58	60
59.3333	0.3333	B3	59	64
60.0000	0.7500	B3	59	45
60.7500	0.5000	B3	59	67
61.0000	0.3333	E-3	51	45
61.2500	1.2500	B3	59	56
61.2500	1.2500	E-3	51	56
62.5000	1.0000	B3	59	62
62.5000	1.0000	E-3	51	62
63.5000	0.5000	E3	52	48
64.0000	0.6667	B3	59	53
66.6667	0.6667	B-3	58	57
67.5000	0.2500	G3	55	81
67.7500	0.2500	G3	55	103
68.0000	0.7500	G3	55	81
68.0000	0.0833	G3	55	103
69.0000	2.7500	A3	57	62
73.7500	0.5000	B3	59	66
74.2500	0.5000	B3	59	84
74.7500	1.0000	B3	59	85
75.5000	0.5000	A3	57	87
76.0000	1.0000	A3	57	71
76.3333	0.5000	B3	59	46
78.0000	1.0000	A3	57	57
80.6667	0.6667	B3	59	52
81.2500	0.5000	B-3	58	45
82.0000	1.3333	G3	55	67
82.0000	0.2500	G5	79	41
83.2500	0.7500	G3	55	51
84.0000	0.5000	G3	55	51
88.5000	0.2500	B-3	58	66
90.0000	0.5000	B-3	58	46
95.5000	0.3333	B3	59	75
95.7500	0.2500	A3	57	50
96.2500	0.3333	G3	55	66
96.5000	0.2500	G#3	56	37
102.2500	0.3333	B3	59	35
102.5000	0.5000	B3	59	92
103.0000	0.3333	B3	59	58
103.0000	0.3333	B4	71	58
103.3333	0.6667	B3	59	78
104.0000	0.2500	B3	59	74
104.0000	0.0833	B3	59	78
105.0000	0.2500	A3	57	81
109.7500	0.2500	B3	59	78
110.2500	0.2500	B-3	58	37
110.7500	0.5000	G3	55	48
111.2500	0.2500	G3	55	73
117.0000	0.3333	B-2	46	78
117.3333	0.6667	B-2	46	56
118.6667	0.5000	E3	52	75
119.0000	0.2500	E3	52	56
120.0000	1.0000	E3	52	48
121.0000	0.7500	E3	52	58
121.6667	0.5000	E3	52	74
122.7500	0.3333	G3	55	87
123.6667	0.3333	D3	50	80
124.0000	0.6667	D3	50	80
124.6667	0.6667	D3	50	57
126.0000	0.2500	E3	52	70
127.0000	0.5000	D3	50	61
127.7500	0.2500	E3	52	72
128.0000	0.5000	E3	52	72
128.7500	0.5000	E3	52	81
130.0000	0.5000	G3	55	78
131.0000	0.3333	D3	50	84
131.3333	0.5000	D3	50	82
131.7500	0.2500	D3	50	90
132.0000	0.2500	D3	50	90
132.3333	0.5000	D3	50	100
132.7500	0.3333	D3	50	75
133.0000	0.7500	E3	52	66
133.7500	0.5000	E3	52	70
138.2500	0.5000	A3	57	47
139.0000	0.3333	A3	57	50
139.3333	0.3333	G#3	56	51
140.0000	0.5000	E3	52	71
145.0000	0.3333	E5	76	44
145.2500	0.6667	E4	64	79
145.7500	0.5000	E4	64	74
146.2500	0.3333	E4	64	94
146.6667	0.5000	E4	64	88
147.2500	0.5000	G4	67	81
153.2500	0.3333	E4	64	104
153.5000	0.3333	E4	64	107
153.7500	0.5000	E4	64	82
154.5000	0.3333	G4	67	53
154.5000	0.3333	G5	79	53
155.3333	0.3333	D4	62	73
160.2500	0.5000	E4	64	69
160.6667	0.6667	E4	64	80
161.2500	0.2500	E4	64	75
161.7500	0.2500	G4	67	66
162.7500	0.2500	D4	62	58
167.2500	0.5000	E4	64	63
168.0000	0.7500	E4	64	81
169.0000	0.2500	G4	67	56
169.0000	0.2500	G5	79	56
174.2500	0.5000	E4	64	50
174.6667	0.3333	E4	64	104
175.0000	0.5000	E4	64	107
175.5000	0.5000	E4	64	75
181.5000	0.3333	E4	64	32
181.7500	0.5000	E4	64	73
182.5000	0.7500	E4	64	75
183.3333	0.5000	G4	67	77
189.3333	0.3333	B3	59	88
189.6667	0.3333	B3	59	88
190.0000	0.2500	B3	59	60
190.0000	0.2500	A3	57	60
190.5000	0.7500	A3	57	86
190.5000	0.2500	E5	76	36
191.2500	0.7500	A3	57	62
192.0000	1.5000	A3	57	62
193.7500	0.3333	A3	57	49
195.6667	0.3333	B-3	58	84
196.0000	0.5000	B3	59	97
196.3333	1.0000	B3	59	64
196.3333	0.3333	B4	71	43
232.0000	0.5000	B-2	46	61
232.5000	0.2500	B2	47	76
233.2500	0.2500	B2	47	58
233.2500	0.2500	E-5	75	58
233.5000	0.5000	B-2	46	40
239.5000	0.2500	B2	47	61
240.2500	0.2500	A2	45	64
240.3333	0.3333	G#2	44	32
242.0000	0.2500	B-2	46	74
247.0000	1.0000	B2	47	93
248.0000	0.2500	B2	47	93
248.2500	0.5000	B2	47	85
249.0000	0.2500	A2	45	68
254.0000	0.3333	B2	47	66
254.3333	0.3333	A2	45	49
254.7500	0.3333	G2	43	42
255.0000	0.2500	G2	43	61
256.2500	0.2500	F#3	54	56
256.2500	0.2500	C#4	61	56
256.2500	0.2500	F#2	42	56
262.0000	0.5000	B-3	58	45
262.5000	0.5000	B3	59	59
269.3333	0.3333	G#3	56	39
270.0000	0.3333	A3	57	61
270.3333	0.3333	B3	59	76
275.5000	0.5000	B3	59	67
275.5000	0.5000	B4	71	67
275.7500	0.2500	B3	59	59
276.0000	0.5000	B3	59	64
276.0000	0.0833	B3	59	59
276.5000	0.2500	B3	59	65
276.5000	0.2500	B4	71	65
277.0000	0.3333	B3	59	80
277.3333	0.7500	A3	57	79
282.7500	0.5000	B3	59	75
283.0000	0.7500	B4	71	51
284.0000	0.7500	G3	55	75
289.6667	0.7500	B3	59	77
289.6667	0.5000	B4	71	52
290.5000	0.5000	B3	59	78
291.0000	0.2500	B3	59	88
292.0000	0.5000	E5	76	62
292.3333	0.3333	E4	64	58
292.7500	0.2500	E4	64	82
293.2500	0.5000	D4	62	80
293.6667	0.5000	E4	64	52
294.0000	0.2500	E4	64	84
294.5000	0.2500	E4	64	59
295.2500	0.7500	G4	67	67
295.3333	0.3333	G5	79	43
296.0000	0.2500	G4	67	67
297.2500	0.5000	D4	62	35
298.7500	0.7500	E5	76	58
298.7500	0.7500	E4	64	58
299.5000	0.5000	E4	64	71
300.0000	0.2500	E4	64	71
300.7500	0.6667	E4	64	70
301.3333	0.6667	E4	64	79
302.0000	0.2500	E4	64	84
302.5000	0.7500	G4	67	66
302.5000	0.7500	G5	79	66
304.5000	0.5000	D4	62	83
305.0000	0.2500	D4	62	71
305.7500	0.2500	D4	62	72
306.0000	0.3333	E4	64	49
306.0000	0.3333	E5	76	49
306.6667	1.0000	E4	64	52
311.2500	0.2500	A3	57	57
311.5000	0.2500	B3	59	92
311.7500	0.2500	B3	59	70
312.0000	0.2500	B3	59	70
312.2500	0.3333	A3	57	73
312.5000	0.2500	G3	55	70
313.0000	0.5000	G3	55	89
313.7500	0.7500	G3	55	50
318.7500	0.5000	D3	50	87
319.3333	0.6667	D3	50	77
320.0000	0.3333	D3	50	77
320.3333	0.3333	D3	50	87
320.7500	1.5000	E3	52	55
321.2500	1.0000	D3	50	43
326.5000	0.3333	A2	45	56
327.6667	0.3333	B2	47	58
328.0000	0.4167	B2	47	58
332.5000	1.0000	E4	64	58
334.0000	0.2500	E4	64	86
334.2500	0.3333	E4	64	83
334.6667	0.3333	G4	67	69
340.0000	0.5000	E4	64	51
340.5000	0.5000	E4	64	97
341.0000	0.7500	E4	64	81
342.0000	0.2500	G4	67	41
347.5000	0.5000	E4	64	62
348.0000	0.5000	E4	64	80
348.5000	0.5000	E4	64	85
349.2500	0.5000	G4	67	72
349.7500	0.3333	E4	64	60
350.0000	0.2500	D4	62	69
354.5000	0.2500	E4	64	69
354.7500	0.6667	E4	64	56
355.3333	0.5000	E4	64	82
355.7500	0.2500	E4	64	83
356.5000	0.2500	G5	79	50
358.0000	0.3333	G5	79	42
358.3333	0.5000	G5	79	41
361.6667	0.5000	E4	64	59
362.0000	0.5000	E4	64	101
362.5000	0.3333	E4	64	102
362.7500	0.5000	E4	64	62
363.5000	0.2500	G4	67	48
364.0000	0.2500	E4	64	39
369.2500	0.5000	E4	64	63
369.7500	0.5000	E4	64	94
370.2500	0.5000	E4	64	79
370.7500	0.5000	G4	67	88
376.6667	0.3333	B3	59	63
377.0000	0.5000	B-3	58	81
377.5000	0.2500	B-3	58	96
377.7500	0.5000	B-3	58	78
383.2500	0.5000	B3	59	79
383.7500	0.2500	B3	59	68
384.0000	0.2500	B3	59	68
384.2500	0.2500	A3	57	66
385.2500	0.5000	G3	55	80
390.3333	1.6667	G1	31	76
391.5000	0.5000	G3	55	39
391.7500	0.2500	G2	43	54
392.0000	4.0000	G1	31	76
392.0000	0.5000	G3	55	39
395.7500	0.2500	G3	55	47
396.0000	1.0000	G1	31	76
396.0000	0.5000	G3	55	47
397.0000	3.0000	G1	31	73
400.0000	4.0000	G1	31	73
400.3333	1.0000	G3	55	45
404.0000	4.0000	G1	31	73
405.6667	0.3333	G3	55	46
408.0000	4.0000	G1	31	73
409.0000	0.2500	G3	55	48
410.0000	0.2500	C2	36	64
411.7500	0.2500	G3	55	46
412.0000	1.3333	G1	31	73
412.0000	0.2500	G3	55	46
412.5000	1.0000	G3	55	43
413.3333	0.7500	G1	31	85
414.7500	0.5000	G1	31	59
419.5000	0.2500	F2	41	58
420.0000	0.3333	B-2	46	39
420.3333	0.3333	B2	47	70
421.0000	0.5000	B2	47	44
422.0000	0.6667	F#2	42	58
427.3333	0.3333	A2	45	63
428.0000	0.5000	G2	43	59
434.2500	0.2500	B-2	46	40
434.7500	0.3333	B2	47	55
435.0000	0.6667	B2	47	52
435.6667	0.3333	B-2	46	52
436.0000	0.3333	B-2	46	52
440.7500	0.2500	B-2	46	88
441.0000	0.5000	B-2	46	64
441.5000	0.5000	B2	47	79
442.0000	0.2500	A2	45	64
442.2500	0.3333	G2	43	51
442.6667	0.3333	F#2	42	51
443.0000	0.2500	F#2	42	68
449.0000	0.5000	B3	59	103
449.5000	0.7500	B3	59	63
450.2500	0.2500	B3	59	63
450.2500	0.2500	B4	71	63
451.0000	0.5000	B3	59	36
455.0000	0.5000	A3	57	46
455.0000	0.5000	B3	59	46
456.0000	0.5000	B-3	58	42
456.3333	0.3333	A3	57	56
457.0000	0.5000	G3	55	85
457.7500	0.2500	B3	59	52
463.2500	0.3333	B3	59	83
463.6667	0.3333	B3	59	98
464.0000	0.5000	B3	59	65
464.5000	0.3333	B3	59	75
470.3333	0.5000	B-3	58	55
470.7500	0.2500	B-3	58	71
471.2500	0.5000	G3	55	41
471.6667	0.3333	G3	55	76
472.0000	0.1667	G3	55	76
477.5000	0.5000	D3	50	57
478.0000	0.3333	D3	50	91
478.3333	0.6667	D3	50	67
479.0000	0.3333	D3	50	77
479.2500	0.3333	B-2	46	35
484.3333	0.5000	B-2	46	73
485.2500	0.2500	B-2	46	52
485.7500	0.7500	G2	43	68
487.0000	0.7500	B-2	46	85
492.0000	0.3333	B3	59	59
492.0000	0.3333	B2	47	59
492.3333	0.3333	B3	59	78
492.3333	0.3333	B2	47	78
492.5000	0.3333	B3	59	66
493.3333	0.3333	B2	47	46
494.0000	0.6667	A2	45	75
499.3333	0.5000	B3	59	84
500.2500	0.5000	G3	55	101
500.7500	0.2500	G3	55	83
501.0000	0.3333	E3	52	55
501.3333	0.7500	G3	55	46
506.0000	0.2500	E4	64	50
507.0000	0.5000	E4	64	65
507.7500	0.2500	G4	67	78
508.0000	0.0833	G4	67	78
513.6667	1.0000	E4	64	55
513.6667	0.2500	E5	76	64
514.6667	0.3333	E4	64	81
515.0000	0.5000	G4	67	38
521.0000	0.3333	E4	64	41
521.3333	0.7500	E4	64	54
523.3333	0.3333	D4	62	77
528.0000	0.5000	E4	64	78
528.5000	0.6667	E4	64	98
529.0000	0.5000	E4	64	81
529.5000	0.6667	G5	79	50
530.6667	1.3333	E4	64	64
532.0000	2.0000	E4	64	64
532.7500	0.7500	E5	76	47
534.7500	0.5000	E4	64	76
535.3333	0.5000	E4	64	63
535.7500	0.2500	E4	64	83
536.0000	0.2500	E4	64	83
536.2500	0.5000	E4	64	88
537.0000	0.7500	G4	67	73
542.6667	0.3333	E4	64	51
543.0000	0.3333	E4	64	82
543.3333	0.6667	E4	64	83
544.2500	0.2500	G4	67	87
550.0000	0.2500	B3	59	102
550.2500	0.3333	B-3	58	59
550.5000	0.5000	B3	59	92
551.0000	0.5000	B3	59	70
551.5000	0.5000	B3	59	66
552.0000	0.5000	B3	59	58
552.0000	0.1667	B3	59	66
557.5000	0.2500	A3	57	75
558.5000	0.2500	G3	55	83
562.0000	0.2500	G#3	56	72
562.5000	0.5000	B-3	58	55
563.0000	0.3333	B-3	58	59
563.3333	0.3333	B3	59	73
563.6667	0.3333	B-3	58	56
565.0000	0.5000	B-3	58	89
565.3333	0.5000	B3	59	66
566.2500	0.5000	B3	59	91
566.7500	0.6667	B3	59	87
567.6667	0.3333	B3	59	52
568.0000	0.6667	B3	59	52
572.2500	0.5000	F#3	54	44
572.6667	0.5000	F#3	54	60
573.2500	0.7500	G3	55	69
574.0000	1.5000	G3	55	57
580.0000	0.5000	B3	59	96
580.5000	0.3333	B3	59	99
580.7500	0.2500	B-3	58	87
581.2500	1.0000	B3	59	51
584.0000	0.2500	B3	59	78
587.2500	0.7500	G1	31	68
588.0000	1.5000	G1	31	68
